Lowerbound	Upperbound	PredictedDownActualDown	PredictedDownActualNormal	PredictedDownActualUp	PredictedNormalActualDown	PredictedNormalActualNormal	PredictedNormalActualUp	PredictedUpActualDown	PredictedUpActualNormal	PredictedUpActualUp	TP_down	FP_down	FN_down	TN_down	P_down	N_down	Total	TP_normal	FP_normal	FN_normal	TN_normal	P_normal	N_normal	TP_up	FP_up	FN_up	TN_up	P_up	N_up	TPR_down	TNR_down	PPV_down	NPV_down	FNR_down	FPR_down	FDR_down	FOR_down	ACC_down	F1_down	TPR_normal	TNR_normal	PPV_normal	NPV_normal	FNR_normal	FPR_normal	FDR_normal	FOR_normal	ACC_normal	F1_normal	TPR_up	TNR_up	PPV_up	NPV_up	FNR_up	FPR_up	FDR_up	FOR_up	ACC_up	F1_up	Overall_ACC	average_F1	weighted_F1	cohen_kappa
0.92	1.03	300	20	12	22	97	36	8	24	330	300	32	30	487	330	519	849	97	58	44	650	141	708	330	32	48	439	378	471	0.9090909090909091	0.9383429672447013	0.9036144578313253	0.941972920696325	0.09090909090909094	0.06165703275529866	0.09638554216867468	0.05802707930367501	0.9269729093050648	0.9063444108761329	0.6879432624113475	0.9180790960451978	0.6258064516129033	0.9365994236311239	0.3120567375886525	0.08192090395480223	0.37419354838709673	0.06340057636887608	0.8798586572438163	0.6554054054054054	0.873015873015873	0.9320594479830149	0.9116022099447514	0.9014373716632443	0.12698412698412698	0.06794055201698512	0.08839779005524862	0.09856262833675566	0.9057714958775029	0.8918918918918919	0.856301531213192	0.8178805693911434	0.8582343379109791	0.7844522968197878
